use CharacterManagementDB;

delete from characterinventory;
delete from characterspells;
delete from characterstatus;
delete from characterdetails;
delete from spells;
delete from items;
delete from questlog;


insert into CharacterDetails values
	('Dormin Rockseeker', 'Josh', 'Dwarf', 'Cleric', 'Soldier', 'Neutral Good', 1, 225, 14, 2, 8, -1, 15, 2, 10, 0, 16, 3, 12, 1, 11, 18, '1d8', 1, 2, 13, -1, 25, 'I''m always polite and respectful. Also, I don''t trust my gut feelings, so I tend to wait for others to act.', 'Respect. People deserve to be treated with dignity and courtesy.', 'I have three cousins - Gundren, Tharden, and Nundro Rockseeker - who are my friends and cherished clan members.', 'I secretly wonder whether the gods care about mortal affairs at all.', 'Hill Dwarf. Proficient in armor, shields, simple weapons, battle axes, warhammers, and masonry tools. Stonecunning. Disciple of Life. Darkvision. Dwarven Resilience. Dwarven Toughness.', 'Common. Dwarvish.', 0, 0, 0, 1, 0, 0, 0, 1, 0, 1, 0, 0, 0, 0, 1, 0, 0, 0, 0, 0, 0, 0, 1, 1),
	('Thibauld d''Amantes', 'Sam', 'Human', 'Fighter',  'Noble', 'Lawful Neutral', 1, 175, 16, 3, 9, -1, 15, 2, 11, 0, 13, 1, 14, 2, 12, 17, '1d10', 1, 2, 13, -1, 30, 'My flattery makes those I talk to feel wonderful and important. Also, I don''t like to get dirty, and I won''t be caught dead in unsuitable accommodations.', 'Responsibility. It''s the duty of a noble to protect the common people, not bully them.', 'My greateaxe is a family heirloom, and it''s by far my most precious possession.', 'I have a hard time resisting the allure of wealth, especially gold. Wealth can help me restore my legacy.', 'Proficient in armor, shields, simple weapons, martial weapons, and playing cards. Second Wind. Defensive Fighting Style. Position of Privilege', 'Common. Draconic. Dwarvish.', 0, 0, 0, 1, 0, 1, 0, 0, 0, 0, 0, 1, 0, 1, 0, 0, 0, 0, 1, 0, 1, 0, 0, 0),
	('Vaeryn Wilderbane', 'Alyx', 'Human', 'Fighter', 'Folk Hero', 'Lawful Good', 1, 125, 14, 2, 16, 3, 15, 2, 11, 0, 13, 1, 9, -1, 12, 14, '1d10', 1, 2, 13, 3, 30, 'When I set my mind to something, I follow through. Also, I use long words in an attempt to sound smarter.', 'Sincerity. It''s no good pretending to be something I''m not.', 'One day, Thundertree will be a properous town again. A statue of me will stand in the town square.', 'I''m convinced of the significance of my destiny, and blind to my shortcomings and the risk of failure.', 'Proficient in armor, shields, simple weapons, martial weapons, and carpenter tools. Second Wind. Archery Fighting Style. Rustic Hospitality.', 'Common. Elvish.', 0, 1, 0, 0, 0, 1, 0, 0, 0, 0, 0, 1, 0, 0, 0, 0, 0, 1, 1, 0, 1, 0, 0, 0),
	('Corrin Thorngage', 'Adam', 'Halfling', 'Rogue', 'Criminal', 'Neutral', 1, 260, 8, -1, 16, 3, 12, 1, 13, 1, 10, 0, 16, 3, 9, 14,'1d8', 1, 2, 10, 3, 25, 'I never have a plan, but I''m great at making things up as I go along. Also, the best way to get me to do something is to tell me I can''t do it.', 'People. I''m loyal to my friends, not to any ideals. Everyone else can take a trip on the River Styx for all I care.', 'Qelline Alderleaf, my aunt, has a farm in Phandalin. I always give her some of my ill-gotten gains.', 'My aunt must never know the deeds I did as a member of the Redbrands.', 'Lightfoot Halfling. Sneak Attack. Proficient in light armor, simple weapons, crossbows, swords, thieves'' tools(expertise), and playing cards. Lucky. Brave. Halfling Nimbleness. Naturally Stealthy.', 'Common. Halfling. Thieves'' Cant.', 1, 0, 0, 0, 1, 0, 0, 0, 1, 0, 0, 0, 1, 0, 0, 1, 1, 0, 0, 1, 0, 1, 0, 0),
	('Nyxim Tyriam', 'Audrey', 'Elf', 'Wizard', 'Acolyte', 'Chaotic Good', 1, 275, 10, 0, 15, 2, 14, 2, 16, 3, 12, 1, 8, -1, 8, 12, '1d6', 1, 2, 13, 2, 30, 'I use polysyllabic words that convey the impression of erudition. Also, I''ve spent so long in the temple that I have little experience dealing with people on a casual basis.', 'Knowledge. The path to power and self-improvement is through knowledge.', 'The tome I carry with me is the record of my life''s work so far, and no vault is secure enough to keep it safe.', 'I''ll do just about anything to uncover historical secrets that would add to my research.', 'Proficient in daggers, darts, quarterstaffs, longswords, and slings. Arcane Recovery. Darkvision. Fey Ancestry. Trance. Shelter of the Faithful.', 'Common. Elvish. Draconic. Dwarvish. Goblin.', 0, 0, 1, 0, 0, 0, 1, 0, 1, 0, 0, 1, 0, 0, 1, 0, 0, 0, 0, 0, 0, 1, 1, 0)
;

insert into CharacterStatus values
	('Dormin Rockseeker', 11, 0, 100, 0, 'Normal', 13),
	('Thibauld d''Amantes', 12, 0, 250, 0, 'Normal', 13),
	('Vaeryn Wilderbane', 12, 0, 35, 0, 'Normal', 13),
	('Corrin Thorngage', 9, 0, 150, 0, 'Normal', 10),
	('Nyxim Tyriam', 8, 0, 15, 0, 'Normal', 13)
;

insert into Spells values
	('Mage Hand', 0, 'Conjuration', '1 Action', 0, '30 Feet', 'V,S', '1 Minute', 'A spectral, floating hand appears 30ft of you. You can use your action to control the hand, but it cannot attack, activate magic items, or lift more than 10 pounds. The hand disappears if it is more than 30ft away from you.'),
	('Prestidigitation', 0, 'Transmutation', '1 Action', 0, '10 Feet', 'V,S', 'Up to 1 Hour', 'Create one harmless magical effect: sensory effect, such as a shower of sparks or an odd odor; instantaneously snuff or light a small flame; chill, warm or flavor 1 cubic foot of material; create a small illusion, etc.'),
	('Ray of Frost', 0, 'Evocation', '1 Action', 0, '60 Feet', 'V,S', 'Instantaneous', 'A frigid beam of blue-white light streaks toward a creature within range. Make a ranged spell attack against the target. On a hit, it takes 1d8 cold damage, and its speed is reduced by 10 feet until the start of your next turn.'),
	('Shocking Grasp', 0, 'Evocation', '1 Action', 0, 'Touch', 'V,S', 'Instantaneous', 'Lightning springs from your hand to a creature you touch. Make a melee spell attack against the target. On a hit, the target takes 1d8 lightning damage, and it can’t take reactions until the start of its next turn.'),
	('Burning Hands', 1, 'Evocation', '1 Action', 0, 'Self (15ft Cone)', 'V,S', 'Instantaneous', 'A thin sheet of flames shoots forth from your outstretched fingertips. Each creature in a 15-foot cone must make a Dexterity saving throw. A creature takes 3d6 fire damage on a failed save, or half on success.'),
	('Detect Magic', 1, 'Divination', '1 Action', 1, 'Self', 'V,S', 'Concentration', 'You sense the presence of magic within 30 feet of you. If you sense magic in this way, you can use your action to see a faint aura around anything visible that bears magic. The spell can penetrate most unwarded barriers.'),
	('Mage Armor', 1, 'Abjuration', '1 Action', 0, 'Touch', 'V,S,M (cured leather)', '8 Hours', 'You touch a willing creature who isn’t wearing armor, and a protective magical force surrounds it until the spell ends. The target’s base AC becomes 13 + its Dexterity modifier. The spell ends if the target dons armor.'),
	('Magic Missile', 1, 'Evocation', '1 Action', 0, '120 Feet', 'V,S', 'Instantaneous', 'You create three glowing darts of magical force. Each dart hits a creature of your choice that you can see within range. A dart deals 1d4 + 1 force damage to its target. The darts all strike simultaneously.'),
	('Shield', 1, 'Abjuration', '1 Reaction', 0, 'Self', 'V,S', '1 Round', 'An invisible barrier of magical force appears and protects you. Until the start of your next turn, you have a +5 bonus to AC, including against the triggering attack, and you take no damage from magic missile.'),
	('Sleep', 1, 'Enchantment', '1 Action', 0, '90 Feet', 'V,S,M (fine sand, rose petals, or a cricket)', '1 Minute', 'This spell sends creatures within 20 feet of a point you choose into a magical slumber. Each creature affected by this spell falls unconscious until the spell ends. Undead and creatures immune to being charmed aren’t affected by this spell.'),
	('Light', 0, 'Evocation', '1 Action', 0, 'Touch', 'V, M (a firefly or glowing moss)', '1 Hour', 'You touch one object that is no larger than 10 feet in any dimension. The object sheds bright light of any color in a 20-foot radius and dim light for an additional 20 feet.  Completely covering the object with something opaque blocks the light.'),
	('Sacred Flame', 0, 'Evocation', '1 Action', 0, '60 Feet', 'V,S', 'Instantaneous', 'Flame-like radiance descends on a creature that you can see within range. The target must succeed on a Dexterity saving throw or take 1d8 radiant damage. The target gains no benefit from cover for this saving throw.'),
	('Thaumaturgy', 0, 'Transmutation', '1 Action', 0, '30 Feet', 'V', 'Up to 1 Minute', 'You create one of the following magical effects: Your voice booms up to three times as loud; You cause flames to flicker, brighten, dim; You cause harmless tremors in the ground; You create an instantaneous sound; You alter the appearance of your eyes, etc.'),
	('Bless', 1, 'Enchantment', '1 Action', 0, '30 Feet', 'V,S,M (holy water)', 'Concentration', 'You bless up to three creatures of your choice within range. Whenever a target makes an attack roll or a saving throw before the spell ends, the target can roll a d4 and add the number rolled to the attack roll or saving throw.'),
	('Cure Wounds', 1, 'Evocation', '1 Action', 0, 'Touch', 'V,S', 'Instantaneous', 'A creature you touch regains a number of hit points equal to 1d8 + your spellcasting ability modifier. This spell has no effect on undead or constructs.'),
	('Shield of Faith', 1, 'Abjuration', '1 Bonus Action', 0, '60 Feet', 'V,S,M (parchment with holy text)', 'Concentration', 'A shimmering field appears and surrounds a creature of your choice within range, granting it a +2 bonus to AC for the duration.'),
	('Inflict Wounds', 1, 'Necromancy', '1 Action', 0, 'Touch', 'V,S', 'Instantaneous', 'Make a melee spell attack against a creature you can reach. On a hit, the target takes 3d10 necrotic damage.'),
	('Healing Word', 1, 'Evocation', '1 Bonus Action', 0, '60 Feet', 'V', 'Instantaneous', 'A creature of your choice that you can see within range regains hit points equal to 1d4 + your spellcasting ability modifier. This spell has no effect on undead or constructs.'),
	('Bane', 1, 'Enchantment', '1 Action', 0, '30 Feet', 'V,S,M (blood)', 'Concentration', 'Up to three creatures of your choice that you can see must make Charisma saving throws. Whenever a target that fails this saving throw makes an attack roll or a saving throw, the target must roll a d4 and subtract the number rolled.')
;

insert into characterspells values
	('Nyxim Tyriam', 'Mage Hand'),
	('Nyxim Tyriam', 'Prestidigitation'),
	('Nyxim Tyriam', 'Ray of Frost'),
	('Nyxim Tyriam', 'Shocking Grasp'),
	('Nyxim Tyriam', 'Burning Hands'),
	('Nyxim Tyriam', 'Detect Magic'),
	('Nyxim Tyriam', 'Mage Armor'),
	('Nyxim Tyriam', 'Magic Missile'),
	('Nyxim Tyriam', 'Shield'),
	('Nyxim Tyriam', 'Sleep'),
	('Dormin Rockseeker', 'Light'),
	('Dormin Rockseeker', 'Sacred Flame'),
	('Dormin Rockseeker', 'Thaumaturgy'),
	('Dormin Rockseeker', 'Bless'),
	('Dormin Rockseeker', 'Cure Wounds'),
	('Dormin Rockseeker', 'Shield of Faith'),
	('Dormin Rockseeker', 'Inflict Wounds'),
	('Dormin Rockseeker', 'Healing Word'),
	('Dormin Rockseeker', 'Bane')
;

insert into items values
	('Shortsword', 'A standard light weapon with a modest 2ft long, sharply pointed blade. No remarkable features, typically used for thrust attacks.  It deals 1d6 piercing damage on a hit, and can be used with finesse.', 10),
	('Component Pouch', 'A small, watertight leather belt pouch that has compartments to hold all the material components and other special items you need to cast your spells, except for those components that have a specific cost (as indicated in a spell''s description.', 25),
	('Spellbook', 'Essential for wizards, a spellbook is a leather-bound tome with 100 blank vellum pages suitable for recording spells.', 50),
	('Backpack', 'A leather pack carried on the back, typically with straps to secure it. A backpack can hold 1 cubic foot/ 30 pounds of gear. You can also strap items, such as a bedroll or a coil of rope, to the outside of a backpack.', 2),
	('Bottle of Ink', 'A 1 oz. stoppered glass bottle of viscous black ink. Typically used with an ink pen to write.', 10),
	('Ink Pen', 'A wooden stick with a special tip on the end. The tip draws ink in when dipped in a vial and leaves an ink trail when drawn across a surface.', 1),
	('Sheet of Parchment', 'A piece of goat hide or sheepskin that has been prepared for writing on.', 1),
	('Small Knife', 'A small blade, typically found in a scholar''s pack. Has various uses, but not really suited to combat.', 1),
	('Tome of Lore', 'A hefty, leather-bound volume containing information about various deities and the history of their followers in Faerun', 25),
	('Holy Symbol', 'A representation of a god or pantheon. A cleric or paladin can use a holy symbol as a spellcasting focus. To use the symbol in this way, the caster must hold it in hand, wear it visibly, or bear it on a shield.', 0),
	('Prayer Book', 'A small book, containing specific prayers to a deity. Typically carried by acolytes on a pilgrimage to remind them of the teachings of their masters.', 5),
	('Common Clothes', 'This set of clothes could consist of a loose shirt and baggy breeches, or a loose shirt and skirt or overdress. Cloth wrappings are used for shoes.', 1),
	('Pouch', 'A soft leather bag with a drawstring. It can hold 6 pounds of gear - or up to 20 sling bullets or 50 blowgun needles, among other things.', 1),
	('Chain Mail', 'Made of interlocking metal rings, chain mail includes a layer of quilted fabric worn underneath the mail to prevent chafing and to cushion the impact of blows. The suit includes gauntlets.', 75),
	('Shield', 'A large disc of hardened wood, studded with metal and fitted with straps for the hand and forearm. Wielding a shield increases your Armor Class by 2. You can benefit from only one shield at a time.', 10),
	('Warhammer', 'A massive forged steel hammer used to crush small foes or smash heavy armor. Deals 1d8 bludgeoning damage on a hit, or 1d10 if wielded with both hands.', 15),
	('Handaxe', 'A light, one-handed axe, made for battle but has several uses.  Deals 1d6 slashing damage on a hit, but can be thrown 20/60ft for 1d6 damage also.', 5),
	('Crowbar', 'A sturdy steel bar with a curved end and wedged tip for prying things apart. Using a crowbar grants advantage to Strength checks where its leverage can be applied.', 2),
	('Hammer', 'A small, hardened iron hammer, typically used for pounding pitons into a wall, but has many other uses.', 1),
	('Piton', 'When a wall doesn’t offer handholds and footholds, you can make your own. A piton is a steel spike with an eye through which you can loop a rope.', 1),
	('Torch', 'A large stick wrapped in pitch soaked canvas. Burns for 1 hour, providing bright light in a 20-foot radius and dim light for an additional 20 feet. Deals 1 fire damage on successful melee attack.', 1),
	('Tinderbox', 'This small container holds flint, fire steel, and tinder (usually dry cloth soaked in light oil) used to kindle a fire. Using it to light a torch -- or anything else with abundant, exposed fuel -- takes an action. Lighting any other fire takes 1 minute.', 1),
	('Rations', 'A pack of food consisting of dry foods suitable for extended travel, including jerky, dried fruit, hardtack, and nuts. Enough to sustain one for a day.', 1),
	('Waterskin', 'A water-tight, stoppered leather pouch that can hold up to 4 liters of liquid.', 1),
	('Hempen Rope', '50ft of sturdy hemp rope with many uses.  This rope can ignite if exposed to flame, and can be burst with a DC 17 strength check.', 1),
	('Mason''s Tools', 'A set of tools needed to perform basic tasks in the trade of stone masonry. Grants proficiency to any ability checks made using the tools for masonry.', 10),
	('Deck of Cards', 'Playing cards made for gambling or playing games.', 1),
	('Greataxe', 'A heavy, two-handed, double-bladed war axe. Could cleave a foe in two if used properly. Deals 1d12 slashing damage on a hit.', 30),
	('Javelin', 'A simple, light spear weighted for throwing.  Can be thrown 30/120ft, dealing 1d6 piercing on a hit.', 1),
	('Blanket', 'A thick, quilted, blanket made to keep you warm in cold weather.', 1),
	('Fine Clothes', 'This set of clothes is designed specifically to be expensive and to show it, including fancy, tailored clothes in whatever fashion happens to be the current style in the courts of the nobles. Precious metals and gems could be worked into the clothing.', 15),
	('Signet Ring', 'Each signet ring has a distinctive design carved into it. When you press this ring into warm sealing wax, you leave an identifying mark.', 5),
	('Scroll of Pedigree', 'A fine scroll, caligraphed with a detailed family lineage. Intended to prove that one is of a particular noble bloodline.', 5),
	('Leather Armor', 'The breastplate and shoulder protectors of this armor are made of leather that has been stiffened by being boiled in oil. The rest of the armor is made of softer and more flexible materials.', 10),
	('Longbow', 'A heavy warbow used for long ranged shots. Can fire an arrow 150/600ft, dealing 1d8 piercing damage on a hit.', 50),
	('Arrow', 'Arrows are typically used with a bow to make a ranged attack. Each time you attack, you expend one piece of ammunition. At the end of battle, you can recover half your expended ammunition by taking a minute to search the battlefield.', 1),
	('Greatsword', 'A heavy, two-handed sword often used to take down mounted enemies. Can be swung in sweeping slashes to keep multiple foes at bay. Deals 2d6 slashing damage on a hit.', 50),
	('Bedroll', 'You never know where you’re going to sleep, and a bedroll helps you get better sleep in a hayloft or on the cold ground. A bedroll consists of bedding and a blanket thin enough to be rolled up and tied. In an emergency, it can double as a stretcher.', 1),
	('Mess Kit', 'This tin box contains a cup and simple cutlery. The box clamps together, and one side can be used as a cooking pan and the other as a plate or shallow bowl.', 1),
	('Carpenter''s Tools', 'A set of tools which allows you to perform basic tasks in the trade of carpentry. You may add your proficiency bonus to any ability check made using these tools to perform carpentry related tasks.', 8),
	('Iron Pot', 'A simple cast-iron cooking vessel that can hold up to a gallon of liquid.', 1),
	('Shovel', 'A standard shovel with a wooden handle and metal spade. Used for digging through soft or moderately rocky soil.', 2),
	('Shortbow', 'A light bow, with shorter range than a longbow, but more maneuverability and greater ease of use. Can fire arrows 80/320ft, dealing 1d6 piercing damage on a hit.', 25),
	('Thieves'' Tools', 'This set includes a small file, a set of lock picks, a small mirror mounted on a metal handle, a set of narrow-bladed scissors, and a pair of pliers. Mainly used for picking locks and disarming traps.', 25),
	('Bell', 'A standard bell that rings, typically used for signaling.', 1),
	('Candle', 'For 1 hour, a candle sheds bright light in a 5-foot radius and dim light for an additional 5 feet.', 1),
	('Hooded Lantern', 'A hooded lantern casts bright light in a 30-foot radius and dim light for an additional 30 feet. Once lit, it burns for 6 hours on a flask (1 pint) of oil. As an action, you can lower the hood, reducing the light to dim light in a 5-foot radius.', 5),
	('Flask of Oil', 'A clay flask that holds one pint of oil. You can splash the oil in this flask onto a creature within 5 feet of you or throw it up to 20 feet, shattering it on impact. On a hit, the target is covered in oil. The target takes 5 fire damage if the oil is ignited.', 1),
	('Dark Clothes', 'A set of common clothes, dyed black to help conceal one in shadows or darkness. Favored by those attempting stealthy maneuvers.', 1),
	('Hood', 'A cloth hood, dyed black, which conceals one''s head and most of their face.', 1)
;

insert into characterinventory values
	('Dormin Rockseeker', 'Chain Mail', 1),
	('Dormin Rockseeker', 'Shield', 1),
	('Dormin Rockseeker', 'Warhammer', 1),
	('Dormin Rockseeker', 'Handaxe', 2),
	('Dormin Rockseeker', 'Holy Symbol', 1),
	('Dormin Rockseeker', 'Backpack', 1),
	('Dormin Rockseeker', 'Crowbar', 1),
	('Dormin Rockseeker', 'Hammer', 1),
	('Dormin Rockseeker', 'Piton', 10),
	('Dormin Rockseeker', 'Torch', 10),
	('Dormin Rockseeker', 'Tinderbox', 1),
	('Dormin Rockseeker', 'Rations', 10),
	('Dormin Rockseeker', 'Waterskin', 1),
	('Dormin Rockseeker', 'Hempen Rope', 1),
	('Dormin Rockseeker', 'Mason''s Tools', 1),
	('Dormin Rockseeker', 'Deck of Cards', 1),
	('Dormin Rockseeker', 'Common Clothes', 1),
	('Dormin Rockseeker', 'Pouch', 1),
	('Thibauld d''Amantes', 'Chain Mail', 1),
	('Thibauld d''Amantes', 'Greataxe', 1),
	('Thibauld d''Amantes', 'Javelin', 3),
	('Thibauld d''Amantes', 'Backpack', 1),
	('Thibauld d''Amantes', 'Blanket', 1),
	('Thibauld d''Amantes', 'Tinderbox', 1),
	('Thibauld d''Amantes', 'Rations', 2),
	('Thibauld d''Amantes', 'Waterskin', 1),
	('Thibauld d''Amantes', 'Fine Clothes', 1),
	('Thibauld d''Amantes', 'Signet Ring', 1),
	('Thibauld d''Amantes', 'Scroll of Pedigree', 1),
	('Vaeryn Wilderbane', 'Leather Armor', 1),
	('Vaeryn Wilderbane', 'Longbow', 1),
	('Vaeryn Wilderbane', 'Arrow', 20),
	('Vaeryn Wilderbane', 'Greatsword', 1),
	('Vaeryn Wilderbane', 'Backpack', 1),
	('Vaeryn Wilderbane', 'Bedroll', 1),
	('Vaeryn Wilderbane', 'Mess Kit', 1),
	('Vaeryn Wilderbane', 'Tinderbox', 1),
	('Vaeryn Wilderbane', 'Torch', 10),
	('Vaeryn Wilderbane', 'Rations', 10),
	('Vaeryn Wilderbane', 'Waterskin', 1),
	('Vaeryn Wilderbane', 'Hempen Rope', 1),
	('Vaeryn Wilderbane', 'Carpenter''s Tools', 1),
	('Vaeryn Wilderbane', 'Iron Pot', 1),
	('Vaeryn Wilderbane', 'Shovel', 1),
	('Vaeryn Wilderbane', 'Common Clothes', 1),
	('Vaeryn Wilderbane', 'Pouch', 1),
	('Corrin Thorngage', 'Shortsword', 1),
	('Corrin Thorngage', 'Shortbow', 1),
	('Corrin Thorngage', 'Arrow', 20),
	('Corrin Thorngage', 'Leather Armor', 1),
	('Corrin Thorngage', 'Thieves'' Tools', 1),
	('Corrin Thorngage', 'Backpack', 1),
	('Corrin Thorngage', 'Bell', 1),
	('Corrin Thorngage', 'Candle', 5),
	('Corrin Thorngage', 'Hammer', 1),
	('Corrin Thorngage', 'Piton', 10),
	('Corrin Thorngage', 'Hempen Rope', 1),
	('Corrin Thorngage', 'Flask of Oil', 2),
	('Corrin Thorngage', 'Rations', 5),
	('Corrin Thorngage', 'Tinderbox', 1),
	('Corrin Thorngage', 'Waterskin', 1),
	('Corrin Thorngage', 'Crowbar', 1),
	('Corrin Thorngage', 'Dark Clothes', 1),
	('Corrin Thorngage', 'Hood', 1),
	('Corrin Thorngage', 'Pouch', 1),
	('Nyxim Tyriam', 'Shortsword', 1),
	('Nyxim Tyriam', 'Component Pouch', 1),
	('Nyxim Tyriam', 'Spellbook', 1),
	('Nyxim Tyriam', 'Backpack', 1),
	('Nyxim Tyriam', 'Bottle of Ink', 1),
	('Nyxim Tyriam', 'Ink Pen', 1),
	('Nyxim Tyriam', 'Sheet of Parchment', 10),
	('Nyxim Tyriam', 'Small Knife', 1),
	('Nyxim Tyriam', 'Tome of Lore', 1),
	('Nyxim Tyriam', 'Holy Symbol', 1),
	('Nyxim Tyriam', 'Prayer Book', 1),
	('Nyxim Tyriam', 'Common Clothes', 1),
	('Nyxim Tyriam', 'Pouch', 1)
;

insert into questlog values
	('2019-06-15', 'Tasked initially by Gundren Rockseeker to deliver provisions from Neverwinter to Phandalin, you have successfully brought the wagon and its content to Elmar Barthen in Phandalin. Paid 60 GP total.'),
	('2019-06-21', 'After finding Sildar Hallwinter in the Cragmaw Hideout near the Triboar Trail, you were compensated 50 GP total for providing safe passage from the enemy to the relative safety of Phandalin.'),
	('2019-06-30', 'Convincing Linene that her supplies were indeed missing, you retrieved the loads of cargo that had been stolen by the Cragmaw, and were duly rewarded with a total of 50 GP as well as access to the backroom supplies of the Lionshield Coster in Phandalin.'),
	('2019-07-05', 'Sildar has tasked any willing persons to learn of the definitive whereabouts of his fellow Lord’s Alliance member. He has asked that those interested investigate the town of Phandalin and return anything of Iarno they can. Iarno is described as a short, dark-bearded human wizard in his 30s. He will reward 200 GP for this information and/or rescue.'),
	('2019-07-20', 'Many of those in the town of Phandalin wish a return to normalcy (and normal trade), but with the Redbrands holding the town in a stranglehold there is little hope. Several tradespeople urge the adventurers to put an end to the menace so that they can be properly rewarded.'),
	('2019-07-27', 'Halia Thornton has tasked Mordai to slay GlassStaff, as well as deliver any documents of correspondence from him to her. She has promised a reward of 100 GP.'),
	('2019-08-01', 'Offering a hefty reward of 500 GP, Sildar asks for the aid of the adventurers to find and rescue Gundren from the Cragmaw. He knows only that he has been moved to a different location, along with his map leading to the Wave Echo Cave.'),
	('2019-08-06', 'Sildar and the Rockseekers’ ultimate goal is to restore the Forge of Spells within the Wave Echo Cave to craft fine magical goods for trade throughout the region, a potentially vast source of income to an otherwise struggling settlement.')
;